,seed,seed,n_jobs,n_jobs,elapsed_time,elapsed_time,train_R2,train_R2,train_MAE,train_MAE,train_RMSE,train_RMSE,test_R2,test_R2,test_MAE,test_MAE,test_RMSE,test_RMSE
,mean,std,mean,std,mean,std,mean,std,mean,std,mean,std,mean,std,mean,std,mean,std
target_time,,,,,,,,,,,,,,,,,,
30,2.0,1.0,10.0,0.0,31.79468035697937,2.295519573868198,0.8871796427561542,0.0031338459717064867,128583.89310984356,4143.61560898653,225982.52651428818,3128.367121257979,0.7729203557233054,0.00019920572851711324,194441.43574778063,204.24193043471837,322893.5658170736,141.62087047401528
