,target_time,seed,n_jobs,elapsed_time,train_R2,train_MAE,train_RMSE,test_R2,test_MAE,test_RMSE
0,30,1,10,34.440678119659424,0.8883879415163346,126652.74140580125,224783.49757173317,0.7730982629186279,194612.46036230132,322767.07507620647
1,30,2,10,30.335916996002197,0.8836215128151952,133340.58227288796,229533.04556732334,0.7727051298220167,194215.2902222938,323046.56942005426
2,30,3,10,30.60744595527649,0.8895294739369328,125758.35565084145,223631.0364038081,0.7729576744292713,194496.5566587468,322867.0529549601
