,target_time,seed,n_jobs,elapsed_time,train_R2,train_MAE,train_RMSE,test_R2,test_MAE,test_RMSE
0,30,1,10,40.304426431655884,0.8883879415163346,126652.74140580125,224783.49757173317,0.7730982629186279,194612.46036230132,322767.07507620647
1,30,2,10,38.35491681098938,0.8883288093088947,126197.02454644558,224843.0349753618,0.7733420432610103,194329.33101844395,322593.6400580583
2,30,3,10,34.87777829170227,0.8895294739369328,125758.35565084145,223631.0364038081,0.7729576744292713,194496.5566587468,322867.0529549601
