,generation,seed,n_jobs,elapsed_time,train_R2,train_MAE,train_RMSE,test_R2,test_MAE,test_RMSE
0,1,1,10,35.93700671195984,0.8579352369324295,142943.89483088106,253601.63614344437,0.7476882011855457,193891.0900128866,340360.4555240934
1,1,2,10,13.860925436019897,0.8623822437724429,149280.4448043699,249600.87402446513,0.7384481216092225,199104.08941151202,346536.7020808034
2,1,3,10,11.434019088745117,0.8537725621096904,143779.05271297277,257290.23329017282,0.7660149964169,190717.2683741409,327766.3223354033
