,generation,seed,n_jobs,elapsed_time,train_R2,train_MAE,train_RMSE,test_R2,test_MAE,test_RMSE
0,1,1,10,88.90516781806946,0.7936833972457489,172198.50878520883,305615.906557903,0.739551748974651,207248.5397593567,345804.8172997334
1,1,2,10,29.16491150856018,0.8525672077276563,139911.04292121192,258348.48009502873,0.751458483996821,197505.07172339468,337807.8891330226
2,1,3,10,76.71705651283264,0.8640054468192764,139429.3088803166,248124.48498774314,0.7574402680143819,199369.88718137713,333718.02781275596
