,Unnamed: 0,train_R2,train_MAE,train_RMSE,test_R2,test_MAE,test_RMSE,elapsed_time,args
0,autoML,0.9785989087961636,1.340809021759959,2.434616669957808,0.9130674232611424,3.259693082420571,4.987459606547233,4.999771595001221,{'n_generation': 6}
autoML,,0.9811588808323946,1.1108509168462843,2.2843675413653983,0.9367722092122617,2.712901819655039,4.253457706785235,79.8865213394165,{'n_generation': 6}
