,test_score,test_score,elapsed_time,elapsed_time
,mean,std,mean,std
n_jobs,,,,
-1.0,0.7561957552147791,0.010545676287683397,176.08329383532205,24.09723452771322
1.0,0.7545771416865072,0.012474885230616767,644.4369384447733,84.36782872165783
2.0,0.7527060426401516,0.009268916108411839,379.62786388397217,49.76986200534286
4.0,0.753121190081782,0.011031904257378804,302.318785349528,49.36612733682698
6.0,0.7556954098024752,0.011860897692864995,195.2909014225006,15.19729619353908
8.0,0.7549772462332354,0.010670060471964829,190.89667876561484,35.53135163658613
