mode,args,seed,train_R2,train_adjusted_R2,train_MAE,train_RMSE,test_R2,test_adjusted_R2,test_MAE,test_RMSE,elapsed_time
autoML,{'n_generation': 6},1,0.9643089605414552,0.9642213321607566,3.763656897599761,6.668241929781913,0.8825284305251935,0.8813653456789082,7.351848152749121,11.535549224123391,395.6887800693512
auto-scikitlearn,{'target_time': 450},1,0.9398774175857532,0.9397298050583428,5.815462894091728,8.654670995927939,0.8977101542099555,0.896697383459559,7.015274622089521,10.76435849653858,459.9238996505737
tpot,{'generations': 3},1,0.9494463824051618,0.9493222635306348,5.032122014451725,7.936113480795723,0.8934516452174329,0.892396711011665,7.058215790738965,10.986143444003071,272.35340762138367
