,test_score,test_score,elapsed_time,elapsed_time
,mean,std,mean,std
n_jobs,,,,
-1.0,0.753121190081782,0.011031904257378804,117.46204622586568,22.394913712887547
1.0,0.7577088575779234,0.011045144533914452,440.8230731487274,77.57526871170137
2.0,0.7535005982628388,0.008887334469928827,239.99592971801758,37.97178638678586
4.0,0.7558224341062604,0.008719065536326245,190.10275634129843,49.490655050018496
6.0,0.7522169933531649,0.006809581318631258,135.7221259276072,26.419464324218268
8.0,0.7525407058464456,0.00677350353924453,117.81227453549702,5.804238807726684
