,test_score,test_score,elapsed_time,elapsed_time
,mean,std,mean,std
n_jobs,,,,
-1.0,0.7545771416865072,0.012474885230616767,644.6652394930521,84.1398009468341
