,n_jobs,seed,test_score,elapsed_time
0,-1.0,1.0,0.7490050020814949,642.6682782173157
1,-1.0,2.0,0.7688669589950982,561.5416944026947
2,-1.0,3.0,0.7458594639829288,729.7857458591461
