,n_jobs,seed,test_score,elapsed_time
0,6.0,1.0,0.7476882011855457,50.097233057022095
1,6.0,2.0,0.7594028471270095,70.11404156684875
