,test_score,test_score,elapsed_time,elapsed_time
,mean,std,mean,std
n_jobs,,,,
6.0,0.7535455241562776,0.008283505584408456,60.105637311935425,14.154021035011022
