mode,drop_categorical,drop_stylish,target,args,seed,train_R2,train_adjusted_R2,train_MAE,train_RMSE,test_R2,test_adjusted_R2,test_MAE,test_RMSE,elapsed_time
autoML,False,True,Annual_revenue,{'n_generation': 6},1,0.9733372967475592,0.9627177278845672,15756761.881502416,33695910.9623431,0.8424027129344742,-100,34397577.38366405,87564656.53173369,467.21888184547424
auto-scikitlearn,False,True,Annual_revenue,{'target_time': 460},1,0.9568998356372826,0.9397333405852756,21530226.29197644,42841490.85092204,0.8809189382290413,-100,36357123.10459838,76115977.50821859,471.7377614974976
tpot,False,True,Annual_revenue,{'generations': 1},1,0.7855102998817827,0.7000805473453661,42168359.0538004,95571484.8238957,0.7031026222076613,-100,57508367.059248,120187045.957172,101.30877733230592
tpot,False,True,Annual_revenue,{'generations': 3},1,0.8811342961349033,0.8337909147946088,41432697.79407517,71146476.31308107,0.7437402578998844,-100,56884803.07225452,111659241.2310656,338.0189392566681
tpot,False,True,Annual_revenue,{'generations': 6},1,0.9377405132765009,0.9129429936711243,36234569.79696612,51490591.44304942,0.8117502727003092,-100,49184079.794464685,95702141.90901022,1205.1835107803345
